{
	"credit": "Made with Blockbench",
	"texture_size": [32, 32],
	"textures": {
		"0": "atlantis:block/burnt_deep",
		"particle": "atlantis:block/burnt_deep"
	},
	"elements": [
		{
			"name": "Flower 2",
			"from": [0.82322, 0, 8],
			"to": [14.82322, 8, 8],
			"rotation": {"angle": 45, "axis": "x", "origin": [7.82322, 0, 8]},
			"faces": {
				"north": {"uv": [7, 4, 14, 8], "texture": "#0"},
				"east": {"uv": [0, 0, 0, 4], "texture": "#0"},
				"south": {"uv": [14, 4, 7, 8], "texture": "#0"},
				"west": {"uv": [0, 0, 0, 4], "texture": "#0"},
				"up": {"uv": [7, 0, 0, 0], "texture": "#0"},
				"down": {"uv": [7, 0, 0, 0], "texture": "#0"}
			}
		},
		{
			"name": "Flower 1",
			"from": [0.82322, 0, 8],
			"to": [14.82322, 8, 8],
			"rotation": {"angle": -45, "axis": "x", "origin": [7.82322, 0, 8]},
			"faces": {
				"north": {"uv": [14, 4, 7, 8], "texture": "#0"},
				"east": {"uv": [0, 0, 0, 4], "texture": "#0"},
				"south": {"uv": [7, 4, 14, 8], "texture": "#0"},
				"west": {"uv": [0, 0, 0, 4], "texture": "#0"},
				"up": {"uv": [7, 0, 0, 0], "texture": "#0"},
				"down": {"uv": [7, 0, 0, 0], "texture": "#0"}
			}
		},
		{
			"name": "Flower 2",
			"from": [7.82322, 1, 1],
			"to": [7.82322, 9, 15],
			"rotation": {"angle": -45, "axis": "z", "origin": [7.82322, 0, 8]},
			"faces": {
				"north": {"uv": [0, 0, 0, 4], "texture": "#0"},
				"east": {"uv": [14, 4, 7, 8], "texture": "#0"},
				"south": {"uv": [0, 0, 0, 4], "texture": "#0"},
				"west": {"uv": [7, 4, 14, 8], "texture": "#0"},
				"up": {"uv": [7, 0, 0, 0], "rotation": 270, "texture": "#0"},
				"down": {"uv": [7, 0, 0, 0], "rotation": 90, "texture": "#0"}
			}
		},
		{
			"name": "Flower 1",
			"from": [7.82322, 0, 1],
			"to": [7.82322, 8, 15],
			"rotation": {"angle": 45, "axis": "z", "origin": [7.82322, 0, 8]},
			"faces": {
				"north": {"uv": [0, 0, 0, 4], "texture": "#0"},
				"east": {"uv": [7, 4, 14, 8], "texture": "#0"},
				"south": {"uv": [0, 0, 0, 4], "texture": "#0"},
				"west": {"uv": [14, 4, 7, 8], "texture": "#0"},
				"up": {"uv": [7, 0, 0, 0], "rotation": 270, "texture": "#0"},
				"down": {"uv": [7, 0, 0, 0], "rotation": 90, "texture": "#0"}
			}
		}
	],
	"display": {
		"thirdperson_righthand": {
			"translation": [0, 4, 1],
			"scale": [0.55, 0.55, 0.55]
		},
		"thirdperson_lefthand": {
			"translation": [0, 4, 1],
			"scale": [0.55, 0.55, 0.55]
		},
		"firstperson_righthand": {
			"translation": [0, 3.25, 0],
			"scale": [0.5, 0.5, 0.5]
		},
		"firstperson_lefthand": {
			"translation": [0, 3.25, 0],
			"scale": [0.5, 0.5, 0.5]
		},
		"ground": {
			"translation": [0, 4, 0]
		},
		"gui": {
			"rotation": [30, 45, 0],
			"translation": [0, 2, 0]
		},
		"head": {
			"translation": [0, 14, 0]
		}
	},
	"groups": [
		{
			"name": "bone3",
			"origin": [0, 0, 0],
			"color": 0,
			"children": [
				{
					"name": "bone",
					"origin": [0, 0, 0],
					"color": 0,
					"children": [0, 1]
				},
				{
					"name": "bone2",
					"origin": [0, 0, 0],
					"color": 0,
					"children": [2, 3]
				}
			]
		}
	]
}