{
	"credit": "Made with Blockbench",
	"textures": {
		"1": "atlantis:block/underwater_shroom",
		"particle": "atlantis:block/underwater_shroom"
	},
	"elements": [
		{
			"from": [5.5, 7, 6.1441],
			"to": [10.5, 8, 11.1441],
			"rotation": {"angle": 22.5, "axis": "x", "origin": [7.5, 9, 7.1441]},
			"faces": {
				"north": {"uv": [6, 7, 11, 8], "texture": "#1"},
				"east": {"uv": [8, 0, 13, 1], "texture": "#1"},
				"south": {"uv": [8, 1, 13, 2], "texture": "#1"},
				"west": {"uv": [8, 2, 13, 3], "texture": "#1"},
				"up": {"uv": [5, 5, 0, 0], "texture": "#1"},
				"down": {"uv": [5, 5, 0, 10], "texture": "#1"}
			}
		},
		{
			"from": [7.5, 0, 7.1441],
			"to": [8.5, 7, 8.1441],
			"rotation": {"angle": 0, "axis": "y", "origin": [7.5, 0, 7.1441]},
			"faces": {
				"north": {"uv": [5, 0, 6, 7], "texture": "#1"},
				"east": {"uv": [6, 0, 7, 7], "texture": "#1"},
				"south": {"uv": [7, 0, 8, 7], "texture": "#1"},
				"west": {"uv": [5, 7, 6, 14], "texture": "#1"},
				"up": {"uv": [9, 4, 8, 3], "texture": "#1"},
				"down": {"uv": [9, 4, 8, 5], "texture": "#1"}
			}
		},
		{
			"from": [8.5, 6.25, 3.1441],
			"to": [13.5, 7.25, 8.1441],
			"rotation": {"angle": 22.5, "axis": "x", "origin": [10.5, 8.25, 4.1441]},
			"faces": {
				"north": {"uv": [6, 7, 11, 8], "texture": "#1"},
				"east": {"uv": [8, 0, 13, 1], "texture": "#1"},
				"south": {"uv": [8, 1, 13, 2], "texture": "#1"},
				"west": {"uv": [8, 2, 13, 3], "texture": "#1"},
				"up": {"uv": [5, 5, 0, 0], "texture": "#1"},
				"down": {"uv": [5, 5, 0, 10], "texture": "#1"}
			}
		},
		{
			"from": [10.5, -0.75, 4.1441],
			"to": [11.5, 6.25, 5.1441],
			"rotation": {"angle": 0, "axis": "y", "origin": [10.5, -0.75, 4.1441]},
			"faces": {
				"north": {"uv": [5, 0, 6, 7], "texture": "#1"},
				"east": {"uv": [6, 0, 7, 7], "texture": "#1"},
				"south": {"uv": [7, 0, 8, 7], "texture": "#1"},
				"west": {"uv": [5, 7, 6, 14], "texture": "#1"},
				"up": {"uv": [9, 4, 8, 3], "texture": "#1"},
				"down": {"uv": [9, 4, 8, 5], "texture": "#1"}
			}
		},
		{
			"from": [1.5, 6.5, 2.1441],
			"to": [6.5, 7.5, 7.1441],
			"rotation": {"angle": 22.5, "axis": "x", "origin": [3.5, 8.5, 3.1441]},
			"faces": {
				"north": {"uv": [6, 7, 11, 8], "texture": "#1"},
				"east": {"uv": [8, 0, 13, 1], "texture": "#1"},
				"south": {"uv": [8, 1, 13, 2], "texture": "#1"},
				"west": {"uv": [8, 2, 13, 3], "texture": "#1"},
				"up": {"uv": [5, 5, 0, 0], "texture": "#1"},
				"down": {"uv": [5, 5, 0, 10], "texture": "#1"}
			}
		},
		{
			"from": [3.5, -0.5, 3.1441],
			"to": [4.5, 6.5, 4.1441],
			"rotation": {"angle": 0, "axis": "y", "origin": [3.5, -0.5, 3.1441]},
			"faces": {
				"north": {"uv": [5, 0, 6, 7], "texture": "#1"},
				"east": {"uv": [6, 0, 7, 7], "texture": "#1"},
				"south": {"uv": [7, 0, 8, 7], "texture": "#1"},
				"west": {"uv": [5, 7, 6, 14], "texture": "#1"},
				"up": {"uv": [9, 4, 8, 3], "texture": "#1"},
				"down": {"uv": [9, 4, 8, 5], "texture": "#1"}
			}
		},
		{
			"from": [1.5, 6.5, 11.1441],
			"to": [6.5, 7.5, 16.1441],
			"rotation": {"angle": 22.5, "axis": "x", "origin": [3.5, 8.5, 12.1441]},
			"faces": {
				"north": {"uv": [6, 7, 11, 8], "texture": "#1"},
				"east": {"uv": [8, 0, 13, 1], "texture": "#1"},
				"south": {"uv": [8, 1, 13, 2], "texture": "#1"},
				"west": {"uv": [8, 2, 13, 3], "texture": "#1"},
				"up": {"uv": [5, 5, 0, 0], "texture": "#1"},
				"down": {"uv": [5, 5, 0, 10], "texture": "#1"}
			}
		},
		{
			"from": [3.5, -0.5, 12.1441],
			"to": [4.5, 6.5, 13.1441],
			"rotation": {"angle": 0, "axis": "y", "origin": [3.5, -0.5, 12.1441]},
			"faces": {
				"north": {"uv": [5, 0, 6, 7], "texture": "#1"},
				"east": {"uv": [6, 0, 7, 7], "texture": "#1"},
				"south": {"uv": [7, 0, 8, 7], "texture": "#1"},
				"west": {"uv": [5, 7, 6, 14], "texture": "#1"},
				"up": {"uv": [9, 4, 8, 3], "texture": "#1"},
				"down": {"uv": [9, 4, 8, 5], "texture": "#1"}
			}
		},
		{
			"from": [10.5, 6.5, 9.1441],
			"to": [15.5, 7.5, 14.1441],
			"rotation": {"angle": 22.5, "axis": "x", "origin": [12.5, 8.5, 10.1441]},
			"faces": {
				"north": {"uv": [6, 7, 11, 8], "texture": "#1"},
				"east": {"uv": [8, 0, 13, 1], "texture": "#1"},
				"south": {"uv": [8, 1, 13, 2], "texture": "#1"},
				"west": {"uv": [8, 2, 13, 3], "texture": "#1"},
				"up": {"uv": [5, 5, 0, 0], "texture": "#1"},
				"down": {"uv": [5, 5, 0, 10], "texture": "#1"}
			}
		},
		{
			"from": [12.5, -0.5, 10.1441],
			"to": [13.5, 6.5, 11.1441],
			"rotation": {"angle": 0, "axis": "y", "origin": [12.5, -0.5, 10.1441]},
			"faces": {
				"north": {"uv": [5, 0, 6, 7], "texture": "#1"},
				"east": {"uv": [6, 0, 7, 7], "texture": "#1"},
				"south": {"uv": [7, 0, 8, 7], "texture": "#1"},
				"west": {"uv": [5, 7, 6, 14], "texture": "#1"},
				"up": {"uv": [9, 4, 8, 3], "texture": "#1"},
				"down": {"uv": [9, 4, 8, 5], "texture": "#1"}
			}
		}
	],
	"display": {
		"thirdperson_righthand": {
			"rotation": [0, -45, 0],
			"translation": [0, 3.5, 1],
			"scale": [0.4, 0.4, 0.4]
		},
		"thirdperson_lefthand": {
			"rotation": [0, -45, 0],
			"translation": [0, 3.5, 1],
			"scale": [0.4, 0.4, 0.4]
		},
		"firstperson_righthand": {
			"rotation": [0, -45, 0],
			"translation": [0, 3.25, 0],
			"scale": [0.5, 0.5, 0.5]
		},
		"firstperson_lefthand": {
			"rotation": [0, -45, 0],
			"translation": [0, 3.25, 0],
			"scale": [0.5, 0.5, 0.5]
		},
		"ground": {
			"translation": [0, 1, 0],
			"scale": [0.5, 0.5, 0.5]
		},
		"gui": {
			"rotation": [30, 45, 0],
			"translation": [0, 2, 0],
			"scale": [0.8, 0.8, 0.8]
		},
		"head": {
			"translation": [0, 15.5, 0]
		}
	},
	"groups": [
		{
			"name": "bone",
			"origin": [0, 9, 0],
			"color": 0,
			"children": [0, 1]
		},
		{
			"name": "bone2",
			"origin": [3, 8.25, -3],
			"color": 0,
			"children": [2, 3]
		},
		{
			"name": "bone3",
			"origin": [-4, 8.5, -4],
			"color": 0,
			"children": [4, 5]
		},
		{
			"name": "bone4",
			"origin": [-4, 8.5, 5],
			"color": 0,
			"children": [6, 7]
		},
		{
			"name": "bone5",
			"origin": [5, 8.5, 3],
			"color": 0,
			"children": [8, 9]
		}
	]
}